"cordoba","fecha_fallecimiento","covid_deaths","ma7"
"Córdoba","2020-03-25",2,NA
"Córdoba","2020-03-29",1,NA
"Córdoba","2020-03-30",1,NA
"Córdoba","2020-04-05",1,NA
"Córdoba","2020-04-06",2,NA
"Córdoba","2020-04-11",1,NA
"Córdoba","2020-04-13",2,1.4285714285714286
"Córdoba","2020-04-15",2,1.4285714285714286
"Córdoba","2020-04-16",3,1.7142857142857142
"Córdoba","2020-04-19",1,1.7142857142857142
"Córdoba","2020-04-20",2,1.8571428571428572
"Córdoba","2020-04-21",1,1.7142857142857142
"Córdoba","2020-04-22",1,1.7142857142857142
"Córdoba","2020-04-23",1,1.5714285714285714
"Córdoba","2020-04-24",1,1.4285714285714286
"Córdoba","2020-04-25",1,1.1428571428571428
"Córdoba","2020-04-27",3,1.4285714285714286
"Córdoba","2020-04-28",2,1.4285714285714286
"Córdoba","2020-05-01",2,1.5714285714285714
"Córdoba","2020-05-02",3,1.8571428571428572
"Córdoba","2020-05-04",3,2.142857142857143
"Córdoba","2020-05-05",1,2.142857142857143
"Córdoba","2020-05-11",1,2.142857142857143
"Córdoba","2020-05-14",2,2
"Córdoba","2020-05-17",1,1.8571428571428572
"Córdoba","2020-05-18",1,1.7142857142857142
"Córdoba","2020-05-19",1,1.4285714285714286
"Córdoba","2020-05-20",1,1.1428571428571428
"Córdoba","2020-05-21",1,1.1428571428571428
"Córdoba","2020-05-22",1,1.1428571428571428
"Córdoba","2020-05-24",1,1
"Córdoba","2020-05-26",2,1.1428571428571428
"Córdoba","2020-05-31",1,1.1428571428571428
"Córdoba","2020-06-02",1,1.1428571428571428
"Córdoba","2020-06-03",1,1.1428571428571428
"Córdoba","2020-06-05",1,1.1428571428571428
"Córdoba","2020-06-12",3,1.4285714285714286
"Córdoba","2020-06-14",2,1.5714285714285714
"Córdoba","2020-06-22",1,1.4285714285714286
"Córdoba","2020-06-27",1,1.4285714285714286
"Córdoba","2020-07-02",1,1.4285714285714286
"Córdoba","2020-07-03",1,1.4285714285714286
"Córdoba","2020-07-11",1,1.4285714285714286
"Córdoba","2020-07-13",1,1.1428571428571428
"Córdoba","2020-07-15",1,1
"Córdoba","2020-07-16",1,1
"Córdoba","2020-07-18",1,1
"Córdoba","2020-07-20",3,1.2857142857142858
"Córdoba","2020-07-21",1,1.2857142857142858
"Córdoba","2020-07-24",1,1.2857142857142858
"Córdoba","2020-07-26",1,1.2857142857142858
"Córdoba","2020-07-28",3,1.5714285714285714
"Córdoba","2020-07-29",2,1.7142857142857142
"Córdoba","2020-07-30",1,1.7142857142857142
"Córdoba","2020-08-01",1,1.4285714285714286
"Córdoba","2020-08-02",1,1.4285714285714286
"Córdoba","2020-08-03",3,1.7142857142857142
"Córdoba","2020-08-04",1,1.7142857142857142
"Córdoba","2020-08-05",3,1.7142857142857142
"Córdoba","2020-08-06",7,2.4285714285714284
"Córdoba","2020-08-07",1,2.4285714285714284
"Córdoba","2020-08-08",2,2.5714285714285716
"Córdoba","2020-08-09",4,3
"Córdoba","2020-08-10",2,2.857142857142857
"Córdoba","2020-08-11",2,3
"Córdoba","2020-08-12",1,2.7142857142857144
"Córdoba","2020-08-15",5,2.4285714285714284
"Córdoba","2020-08-16",2,2.5714285714285716
"Córdoba","2020-08-17",3,2.7142857142857144
"Córdoba","2020-08-18",4,2.7142857142857144
"Córdoba","2020-08-19",4,3
"Córdoba","2020-08-20",2,3
"Córdoba","2020-08-21",4,3.4285714285714284
"Córdoba","2020-08-22",3,3.142857142857143
"Córdoba","2020-08-23",6,3.7142857142857144
"Córdoba","2020-08-24",4,3.857142857142857
"Córdoba","2020-08-25",7,4.285714285714286
"Córdoba","2020-08-26",1,3.857142857142857
"Córdoba","2020-08-27",5,4.285714285714286
"Córdoba","2020-08-28",12,5.428571428571429
"Córdoba","2020-08-29",3,5.428571428571429
"Córdoba","2020-08-30",1,4.714285714285714
"Córdoba","2020-08-31",10,5.571428571428571
"Córdoba","2020-09-01",5,5.285714285714286
"Córdoba","2020-09-02",7,6.142857142857143
"Córdoba","2020-09-03",9,6.714285714285714
"Córdoba","2020-09-04",9,6.285714285714286
"Córdoba","2020-09-05",4,6.428571428571429
"Córdoba","2020-09-06",7,7.285714285714286
"Córdoba","2020-09-07",9,7.142857142857143
"Córdoba","2020-09-08",15,8.571428571428571
"Córdoba","2020-09-09",12,9.285714285714286
"Córdoba","2020-09-10",8,9.142857142857142
"Córdoba","2020-09-11",11,9.428571428571429
"Córdoba","2020-09-12",8,10
"Córdoba","2020-09-13",13,10.857142857142858
"Córdoba","2020-09-14",10,11
"Córdoba","2020-09-15",15,11
"Córdoba","2020-09-16",14,11.285714285714286
"Córdoba","2020-09-17",20,13
"Córdoba","2020-09-18",20,14.285714285714286
"Córdoba","2020-09-19",17,15.571428571428571
"Córdoba","2020-09-20",21,16.714285714285715
"Córdoba","2020-09-21",21,18.285714285714285
"Córdoba","2020-09-22",17,18.571428571428573
"Córdoba","2020-09-23",19,19.285714285714285
"Córdoba","2020-09-24",21,19.428571428571427
"Córdoba","2020-09-25",23,19.857142857142858
"Córdoba","2020-09-26",27,21.285714285714285
"Córdoba","2020-09-27",17,20.714285714285715
"Córdoba","2020-09-28",21,20.714285714285715
"Córdoba","2020-09-29",16,20.571428571428573
"Córdoba","2020-09-30",31,22.285714285714285
"Córdoba","2020-10-01",37,24.571428571428573
"Córdoba","2020-10-02",34,26.142857142857142
"Córdoba","2020-10-03",35,27.285714285714285
"Córdoba","2020-10-04",44,31.142857142857142
"Córdoba","2020-10-05",34,33
"Córdoba","2020-10-06",30,35
"Córdoba","2020-10-07",50,37.714285714285715
"Córdoba","2020-10-08",41,38.285714285714285
"Córdoba","2020-10-09",45,39.857142857142854
"Córdoba","2020-10-10",38,40.285714285714285
"Córdoba","2020-10-11",25,37.57142857142857
"Córdoba","2020-10-12",39,38.285714285714285
"Córdoba","2020-10-13",59,42.42857142857143
"Córdoba","2020-10-14",55,43.142857142857146
"Córdoba","2020-10-15",46,43.857142857142854
"Córdoba","2020-10-16",40,43.142857142857146
"Córdoba","2020-10-17",35,42.714285714285715
"Córdoba","2020-10-18",56,47.142857142857146
"Córdoba","2020-10-19",45,48
"Córdoba","2020-10-20",45,46
"Córdoba","2020-10-21",42,44.142857142857146
"Córdoba","2020-10-22",45,44
"Córdoba","2020-10-23",36,43.42857142857143
"Córdoba","2020-10-24",45,44.857142857142854
"Córdoba","2020-10-25",37,42.142857142857146
"Córdoba","2020-10-26",34,40.57142857142857
"Córdoba","2020-10-27",32,38.714285714285715
"Córdoba","2020-10-28",34,37.57142857142857
"Córdoba","2020-10-29",26,34.857142857142854
"Córdoba","2020-10-30",35,34.714285714285715
"Córdoba","2020-10-31",49,35.285714285714285
"Córdoba","2020-11-01",38,35.42857142857143
"Córdoba","2020-11-02",36,35.714285714285715
"Córdoba","2020-11-03",36,36.285714285714285
"Córdoba","2020-11-04",43,37.57142857142857
"Córdoba","2020-11-05",43,40
"Córdoba","2020-11-06",34,39.857142857142854
"Córdoba","2020-11-07",32,37.42857142857143
"Córdoba","2020-11-08",25,35.57142857142857
"Córdoba","2020-11-09",37,35.714285714285715
"Córdoba","2020-11-10",35,35.57142857142857
"Córdoba","2020-11-11",29,33.57142857142857
"Córdoba","2020-11-12",39,33
"Córdoba","2020-11-13",32,32.714285714285715
"Córdoba","2020-11-14",30,32.42857142857143
"Córdoba","2020-11-15",28,32.857142857142854
"Córdoba","2020-11-16",34,32.42857142857143
"Córdoba","2020-11-17",27,31.285714285714285
"Córdoba","2020-11-18",25,30.714285714285715
"Córdoba","2020-11-19",25,28.714285714285715
"Córdoba","2020-11-20",15,26.285714285714285
"Córdoba","2020-11-21",31,26.428571428571427
"Córdoba","2020-11-22",15,24.571428571428573
"Córdoba","2020-11-23",21,22.714285714285715
"Córdoba","2020-11-24",22,22
"Córdoba","2020-11-25",19,21.142857142857142
"Córdoba","2020-11-26",22,20.714285714285715
"Córdoba","2020-11-27",26,22.285714285714285
"Córdoba","2020-11-28",19,20.571428571428573
"Córdoba","2020-11-29",14,20.428571428571427
"Córdoba","2020-11-30",13,19.285714285714285
"Córdoba","2020-12-01",8,17.285714285714285
"Córdoba","2020-12-02",11,16.142857142857142
"Córdoba","2020-12-03",21,16
"Córdoba","2020-12-04",16,14.571428571428571
"Córdoba","2020-12-05",7,12.857142857142858
"Córdoba","2020-12-06",9,12.142857142857142
"Córdoba","2020-12-07",16,12.571428571428571
"Córdoba","2020-12-08",16,13.714285714285714
"Córdoba","2020-12-09",8,13.285714285714286
"Córdoba","2020-12-10",12,12
"Córdoba","2020-12-11",10,11.142857142857142
"Córdoba","2020-12-12",8,11.285714285714286
"Córdoba","2020-12-13",5,10.714285714285714
"Córdoba","2020-12-14",8,9.571428571428571
"Córdoba","2020-12-15",11,8.857142857142858
"Córdoba","2020-12-16",8,8.857142857142858
"Córdoba","2020-12-17",11,8.714285714285714
"Córdoba","2020-12-18",6,8.142857142857142
"Córdoba","2020-12-19",5,7.714285714285714
"Córdoba","2020-12-20",7,8
"Córdoba","2020-12-21",6,7.714285714285714
"Córdoba","2020-12-22",10,7.571428571428571
"Córdoba","2020-12-23",5,7.142857142857143
"Córdoba","2020-12-24",6,6.428571428571429
"Córdoba","2020-12-25",4,6.142857142857143
"Córdoba","2020-12-26",5,6.142857142857143
"Córdoba","2020-12-27",1,5.285714285714286
"Córdoba","2020-12-28",3,4.857142857142857
"Córdoba","2020-12-29",2,3.7142857142857144
"Córdoba","2020-12-30",1,3.142857142857143
"Córdoba","2020-12-31",8,3.4285714285714284
"Córdoba","2021-01-01",7,3.857142857142857
"Córdoba","2021-01-02",4,3.7142857142857144
"Córdoba","2021-01-03",10,5
"Córdoba","2021-01-04",5,5.285714285714286
"Córdoba","2021-01-05",2,5.285714285714286
"Córdoba","2021-01-06",3,5.571428571428571
"Córdoba","2021-01-07",7,5.428571428571429
"Córdoba","2021-01-08",3,4.857142857142857
"Córdoba","2021-01-09",4,4.857142857142857
"Córdoba","2021-01-10",8,4.571428571428571
"Córdoba","2021-01-11",8,5
"Córdoba","2021-01-12",14,6.714285714285714
"Córdoba","2021-01-13",9,7.571428571428571
"Córdoba","2021-01-14",5,7.285714285714286
"Córdoba","2021-01-15",12,8.571428571428571
"Córdoba","2021-01-16",3,8.428571428571429
"Córdoba","2021-01-17",7,8.285714285714286
"Córdoba","2021-01-18",7,8.142857142857142
"Córdoba","2021-01-19",8,7.285714285714286
"Córdoba","2021-01-20",8,7.142857142857143
"Córdoba","2021-01-21",9,7.714285714285714
"Córdoba","2021-01-22",14,8
"Córdoba","2021-01-23",6,8.428571428571429
"Córdoba","2021-01-24",12,9.142857142857142
"Córdoba","2021-01-25",11,9.714285714285714
"Córdoba","2021-01-26",10,10
"Córdoba","2021-01-27",9,10.142857142857142
"Córdoba","2021-01-28",10,10.285714285714286
"Córdoba","2021-01-29",10,9.714285714285714
"Córdoba","2021-01-30",9,10.142857142857142
"Córdoba","2021-01-31",2,8.714285714285714
"Córdoba","2021-02-01",6,8
"Córdoba","2021-02-02",12,8.285714285714286
"Córdoba","2021-02-03",8,8.142857142857142
"Córdoba","2021-02-04",5,7.428571428571429
"Córdoba","2021-02-05",5,6.714285714285714
"Córdoba","2021-02-06",6,6.285714285714286
"Córdoba","2021-02-07",4,6.571428571428571
"Córdoba","2021-02-09",9,7
"Córdoba","2021-02-10",2,5.571428571428571
"Córdoba","2021-02-11",8,5.571428571428571
"Córdoba","2021-02-12",8,6
"Córdoba","2021-02-13",6,6.142857142857143
"Córdoba","2021-02-14",7,6.285714285714286
"Córdoba","2021-02-15",3,6.142857142857143
"Córdoba","2021-02-16",4,5.428571428571429
"Córdoba","2021-02-17",7,6.142857142857143
"Córdoba","2021-02-18",8,6.142857142857143
"Córdoba","2021-02-19",10,6.428571428571429
"Córdoba","2021-02-20",6,6.428571428571429
"Córdoba","2021-02-21",6,6.285714285714286
"Córdoba","2021-02-22",14,7.857142857142857
"Córdoba","2021-02-23",9,8.571428571428571
"Córdoba","2021-02-24",8,8.714285714285714
"Córdoba","2021-02-25",8,8.714285714285714
"Córdoba","2021-02-26",3,7.714285714285714
"Córdoba","2021-02-27",6,7.714285714285714
"Córdoba","2021-02-28",9,8.142857142857142
"Córdoba","2021-03-01",10,7.571428571428571
"Córdoba","2021-03-02",6,7.142857142857143
"Córdoba","2021-03-03",6,6.857142857142857
"Córdoba","2021-03-04",11,7.285714285714286
"Córdoba","2021-03-05",14,8.857142857142858
"Córdoba","2021-03-06",3,8.428571428571429
"Córdoba","2021-03-07",8,8.285714285714286
"Córdoba","2021-03-08",7,7.857142857142857
"Córdoba","2021-03-09",10,8.428571428571429
"Córdoba","2021-03-10",4,8.142857142857142
"Córdoba","2021-03-11",7,7.571428571428571
"Córdoba","2021-03-12",9,6.857142857142857
"Córdoba","2021-03-13",4,7
"Córdoba","2021-03-14",5,6.571428571428571
"Córdoba","2021-03-15",6,6.428571428571429
"Córdoba","2021-03-16",9,6.285714285714286
"Córdoba","2021-03-17",9,7
"Córdoba","2021-03-18",6,6.857142857142857
"Córdoba","2021-03-19",6,6.428571428571429
"Córdoba","2021-03-20",4,6.428571428571429
"Córdoba","2021-03-21",4,6.285714285714286
"Córdoba","2021-03-22",5,6.142857142857143
"Córdoba","2021-03-23",9,6.142857142857143
"Córdoba","2021-03-24",7,5.857142857142857
"Córdoba","2021-03-25",14,7
"Córdoba","2021-03-26",5,6.857142857142857
"Córdoba","2021-03-27",4,6.857142857142857
"Córdoba","2021-03-28",3,6.714285714285714
"Córdoba","2021-03-29",13,7.857142857142857
"Córdoba","2021-03-30",3,7
"Córdoba","2021-03-31",13,7.857142857142857
"Córdoba","2021-04-01",11,7.428571428571429
"Córdoba","2021-04-02",17,9.142857142857142
"Córdoba","2021-04-03",11,10.142857142857142
"Córdoba","2021-04-04",8,10.857142857142858
"Córdoba","2021-04-05",9,10.285714285714286
"Córdoba","2021-04-06",9,11.142857142857142
"Córdoba","2021-04-07",6,10.142857142857142
"Córdoba","2021-04-08",16,10.857142857142858
"Córdoba","2021-04-09",11,10
"Córdoba","2021-04-10",10,9.857142857142858
"Córdoba","2021-04-11",12,10.428571428571429
"Córdoba","2021-04-12",17,11.571428571428571
"Córdoba","2021-04-13",19,13
"Córdoba","2021-04-14",17,14.571428571428571
"Córdoba","2021-04-15",8,13.428571428571429
"Córdoba","2021-04-16",20,14.714285714285714
"Córdoba","2021-04-17",16,15.571428571428571
"Córdoba","2021-04-18",17,16.285714285714285
"Córdoba","2021-04-19",24,17.285714285714285
"Córdoba","2021-04-20",13,16.428571428571427
"Córdoba","2021-04-21",19,16.714285714285715
"Córdoba","2021-04-22",16,17.857142857142858
"Córdoba","2021-04-23",25,18.571428571428573
"Córdoba","2021-04-24",15,18.428571428571427
"Córdoba","2021-04-25",13,17.857142857142858
"Córdoba","2021-04-26",21,17.428571428571427
"Córdoba","2021-04-27",21,18.571428571428573
"Córdoba","2021-04-28",26,19.571428571428573
"Córdoba","2021-04-29",21,20.285714285714285
"Córdoba","2021-04-30",27,20.571428571428573
"Córdoba","2021-05-01",19,21.142857142857142
"Córdoba","2021-05-02",24,22.714285714285715
"Córdoba","2021-05-03",26,23.428571428571427
"Córdoba","2021-05-04",19,23.142857142857142
"Córdoba","2021-05-05",18,22
"Córdoba","2021-05-06",16,21.285714285714285
"Córdoba","2021-05-07",16,19.714285714285715
"Córdoba","2021-05-08",16,19.285714285714285
"Córdoba","2021-05-09",11,17.428571428571427
"Córdoba","2021-05-10",20,16.571428571428573
"Córdoba","2021-05-11",23,17.142857142857142
"Córdoba","2021-05-12",17,17
"Córdoba","2021-05-13",12,16.428571428571427
"Córdoba","2021-05-14",18,16.714285714285715
"Córdoba","2021-05-15",20,17.285714285714285
"Córdoba","2021-05-16",25,19.285714285714285
"Córdoba","2021-05-17",28,20.428571428571427
"Córdoba","2021-05-18",31,21.571428571428573
"Córdoba","2021-05-19",29,23.285714285714285
"Córdoba","2021-05-20",27,25.428571428571427
"Córdoba","2021-05-21",33,27.571428571428573
"Córdoba","2021-05-22",33,29.428571428571427
"Córdoba","2021-05-23",48,32.714285714285715
"Córdoba","2021-05-24",33,33.42857142857143
"Córdoba","2021-05-25",45,35.42857142857143
"Córdoba","2021-05-26",47,38
"Córdoba","2021-05-27",77,45.142857142857146
"Córdoba","2021-05-28",37,45.714285714285715
"Córdoba","2021-05-29",53,48.57142857142857
"Córdoba","2021-05-30",46,48.285714285714285
"Córdoba","2021-05-31",56,51.57142857142857
"Córdoba","2021-06-01",52,52.57142857142857
"Córdoba","2021-06-02",49,52.857142857142854
"Córdoba","2021-06-03",75,52.57142857142857
"Córdoba","2021-06-04",58,55.57142857142857
"Córdoba","2021-06-05",64,57.142857142857146
"Córdoba","2021-06-06",46,57.142857142857146
"Córdoba","2021-06-07",65,58.42857142857143
"Córdoba","2021-06-08",53,58.57142857142857
"Córdoba","2021-06-09",60,60.142857142857146
"Córdoba","2021-06-10",53,57
"Córdoba","2021-06-11",68,58.42857142857143
"Córdoba","2021-06-12",46,55.857142857142854
"Córdoba","2021-06-13",55,57.142857142857146
"Córdoba","2021-06-14",56,55.857142857142854
"Córdoba","2021-06-15",49,55.285714285714285
"Córdoba","2021-06-16",48,53.57142857142857
"Córdoba","2021-06-17",58,54.285714285714285
"Córdoba","2021-06-18",58,52.857142857142854
"Córdoba","2021-06-19",50,53.42857142857143
"Córdoba","2021-06-20",50,52.714285714285715
"Córdoba","2021-06-21",51,52
"Córdoba","2021-06-22",53,52.57142857142857
"Córdoba","2021-06-23",31,50.142857142857146
"Córdoba","2021-06-24",49,48.857142857142854
"Córdoba","2021-06-25",45,47
"Córdoba","2021-06-26",50,47
"Córdoba","2021-06-27",31,44.285714285714285
"Córdoba","2021-06-28",34,41.857142857142854
"Córdoba","2021-06-29",34,39.142857142857146
"Córdoba","2021-06-30",34,39.57142857142857
"Córdoba","2021-07-01",39,38.142857142857146
"Córdoba","2021-07-02",35,36.714285714285715
"Córdoba","2021-07-03",40,35.285714285714285
"Córdoba","2021-07-04",31,35.285714285714285
"Córdoba","2021-07-05",38,35.857142857142854
"Córdoba","2021-07-06",43,37.142857142857146
"Córdoba","2021-07-07",29,36.42857142857143
"Córdoba","2021-07-08",36,36
"Córdoba","2021-07-09",35,36
"Córdoba","2021-07-10",37,35.57142857142857
"Córdoba","2021-07-11",39,36.714285714285715
"Córdoba","2021-07-12",24,34.714285714285715
"Córdoba","2021-07-13",43,34.714285714285715
"Córdoba","2021-07-14",34,35.42857142857143
"Córdoba","2021-07-15",37,35.57142857142857
"Córdoba","2021-07-16",34,35.42857142857143
"Córdoba","2021-07-17",29,34.285714285714285
"Córdoba","2021-07-18",27,32.57142857142857
"Córdoba","2021-07-19",22,32.285714285714285
"Córdoba","2021-07-20",27,30
"Córdoba","2021-07-21",37,30.428571428571427
"Córdoba","2021-07-22",16,27.428571428571427
"Córdoba","2021-07-23",28,26.571428571428573
"Córdoba","2021-07-24",27,26.285714285714285
"Córdoba","2021-07-25",25,26
"Córdoba","2021-07-26",29,27
"Córdoba","2021-07-27",25,26.714285714285715
"Córdoba","2021-07-28",19,24.142857142857142
"Córdoba","2021-07-29",19,24.571428571428573
"Córdoba","2021-07-30",25,24.142857142857142
"Córdoba","2021-07-31",15,22.428571428571427
"Córdoba","2021-08-01",22,22
"Córdoba","2021-08-02",17,20.285714285714285
"Córdoba","2021-08-03",24,20.142857142857142
"Córdoba","2021-08-04",23,20.714285714285715
"Córdoba","2021-08-05",26,21.714285714285715
"Córdoba","2021-08-06",20,21
"Córdoba","2021-08-07",18,21.428571428571427
"Córdoba","2021-08-08",28,22.285714285714285
"Córdoba","2021-08-09",19,22.571428571428573
"Córdoba","2021-08-10",15,21.285714285714285
"Córdoba","2021-08-11",22,21.142857142857142
"Córdoba","2021-08-12",9,18.714285714285715
"Córdoba","2021-08-13",20,18.714285714285715
"Córdoba","2021-08-14",17,18.571428571428573
"Córdoba","2021-08-15",17,17
"Córdoba","2021-08-16",21,17.285714285714285
"Córdoba","2021-08-17",24,18.571428571428573
"Córdoba","2021-08-18",21,18.428571428571427
"Córdoba","2021-08-19",13,19
"Córdoba","2021-08-20",17,18.571428571428573
"Córdoba","2021-08-21",16,18.428571428571427
"Córdoba","2021-08-22",10,17.428571428571427
"Córdoba","2021-08-23",14,16.428571428571427
"Córdoba","2021-08-24",10,14.428571428571429
"Córdoba","2021-08-25",11,13
"Córdoba","2021-08-26",13,13
"Córdoba","2021-08-27",17,13
"Córdoba","2021-08-28",20,13.571428571428571
"Córdoba","2021-08-29",10,13.571428571428571
"Córdoba","2021-08-30",22,14.714285714285714
"Córdoba","2021-08-31",10,14.714285714285714
"Córdoba","2021-09-01",12,14.857142857142858
"Córdoba","2021-09-02",12,14.714285714285714
"Córdoba","2021-09-03",16,14.571428571428571
"Córdoba","2021-09-04",9,13
"Córdoba","2021-09-05",6,12.428571428571429
"Córdoba","2021-09-06",12,11
"Córdoba","2021-09-07",5,10.285714285714286
"Córdoba","2021-09-08",9,9.857142857142858
"Córdoba","2021-09-09",7,9.142857142857142
"Córdoba","2021-09-10",7,7.857142857142857
"Córdoba","2021-09-11",9,7.857142857142857
"Córdoba","2021-09-12",2,7.285714285714286
"Córdoba","2021-09-13",4,6.142857142857143
"Córdoba","2021-09-14",6,6.285714285714286
"Córdoba","2021-09-16",6,5.857142857142857
"Córdoba","2021-09-17",3,5.285714285714286
"Córdoba","2021-09-18",5,5
"Córdoba","2021-09-19",4,4.285714285714286
"Córdoba","2021-09-20",3,4.428571428571429
"Córdoba","2021-09-21",1,4
"Córdoba","2021-09-22",1,3.2857142857142856
"Córdoba","2021-09-23",4,3
"Córdoba","2021-09-24",4,3.142857142857143
"Córdoba","2021-09-25",1,2.5714285714285716
"Córdoba","2021-09-26",5,2.7142857142857144
"Córdoba","2021-09-27",2,2.5714285714285716
"Córdoba","2021-09-28",2,2.7142857142857144
"Córdoba","2021-09-29",5,3.2857142857142856
"Córdoba","2021-10-01",2,3
"Córdoba","2021-10-02",2,2.7142857142857144
"Córdoba","2021-10-03",1,2.7142857142857144
"Córdoba","2021-10-05",3,2.4285714285714284
"Córdoba","2021-10-06",5,2.857142857142857
"Córdoba","2021-10-07",3,3
"Córdoba","2021-10-09",1,2.4285714285714284
"Córdoba","2021-10-10",1,2.2857142857142856
"Córdoba","2021-10-11",2,2.2857142857142856
"Córdoba","2021-10-13",1,2.2857142857142856
"Córdoba","2021-10-14",1,2
"Córdoba","2021-10-17",1,1.4285714285714286
"Córdoba","2021-10-26",2,1.2857142857142858
"Córdoba","2021-10-27",1,1.2857142857142858
"Córdoba","2021-11-01",1,1.2857142857142858
"Córdoba","2021-11-05",1,1.1428571428571428
"Córdoba","2021-11-07",1,1.1428571428571428
"Córdoba","2021-11-08",1,1.1428571428571428
"Córdoba","2021-11-13",1,1.1428571428571428
"Córdoba","2021-11-15",1,1
"Córdoba","2021-11-18",2,1.1428571428571428
"Córdoba","2021-11-19",1,1.1428571428571428
"Córdoba","2021-11-20",1,1.1428571428571428
"Córdoba","2021-11-22",1,1.1428571428571428
"Córdoba","2021-11-23",1,1.1428571428571428
"Córdoba","2021-11-25",1,1.1428571428571428
"Córdoba","2021-11-26",1,1.1428571428571428
"Córdoba","2021-11-27",1,1
"Córdoba","2021-11-29",3,1.2857142857142858
"Córdoba","2021-12-02",3,1.5714285714285714
"Córdoba","2021-12-03",1,1.5714285714285714
"Córdoba","2021-12-05",1,1.5714285714285714
"Córdoba","2021-12-06",1,1.5714285714285714
"Córdoba","2021-12-10",2,1.7142857142857142
"Córdoba","2021-12-11",2,1.8571428571428572
"Córdoba","2021-12-13",2,1.7142857142857142
"Córdoba","2021-12-14",1,1.4285714285714286
"Córdoba","2021-12-15",2,1.5714285714285714
"Córdoba","2021-12-16",1,1.5714285714285714
"Córdoba","2021-12-17",1,1.5714285714285714
"Córdoba","2021-12-18",1,1.4285714285714286
"Córdoba","2021-12-19",2,1.4285714285714286
"Córdoba","2021-12-20",1,1.2857142857142858
"Córdoba","2021-12-21",1,1.2857142857142858
"Córdoba","2021-12-22",1,1.1428571428571428
"Córdoba","2021-12-23",1,1.1428571428571428
"Córdoba","2021-12-25",2,1.2857142857142858
"Córdoba","2021-12-27",1,1.2857142857142858
"Córdoba","2021-12-28",1,1.1428571428571428
"Córdoba","2021-12-29",5,1.7142857142857142
"Córdoba","2021-12-30",6,2.4285714285714284
"Córdoba","2021-12-31",1,2.4285714285714284
"Rest of Argentina","2020-03-07",1,NA
"Rest of Argentina","2020-03-09",1,NA
"Rest of Argentina","2020-03-10",1,NA
"Rest of Argentina","2020-03-11",1,NA
"Rest of Argentina","2020-03-12",2,NA
"Rest of Argentina","2020-03-13",2,NA
"Rest of Argentina","2020-03-14",2,1.4285714285714286
"Rest of Argentina","2020-03-15",2,1.5714285714285714
"Rest of Argentina","2020-03-16",1,1.5714285714285714
"Rest of Argentina","2020-03-17",4,2
"Rest of Argentina","2020-03-18",1,2
"Rest of Argentina","2020-03-19",5,2.4285714285714284
"Rest of Argentina","2020-03-20",1,2.2857142857142856
"Rest of Argentina","2020-03-21",2,2.2857142857142856
"Rest of Argentina","2020-03-22",3,2.4285714285714284
"Rest of Argentina","2020-03-23",2,2.5714285714285716
"Rest of Argentina","2020-03-24",9,3.2857142857142856
"Rest of Argentina","2020-03-25",9,4.428571428571429
"Rest of Argentina","2020-03-26",15,5.857142857142857
"Rest of Argentina","2020-03-27",14,7.714285714285714
"Rest of Argentina","2020-03-28",18,10
"Rest of Argentina","2020-03-29",16,11.857142857142858
"Rest of Argentina","2020-03-30",17,14
"Rest of Argentina","2020-03-31",18,15.285714285714286
"Rest of Argentina","2020-04-01",19,16.714285714285715
"Rest of Argentina","2020-04-02",16,16.857142857142858
"Rest of Argentina","2020-04-03",16,17.142857142857142
"Rest of Argentina","2020-04-04",21,17.571428571428573
"Rest of Argentina","2020-04-05",26,19
"Rest of Argentina","2020-04-06",28,20.571428571428573
"Rest of Argentina","2020-04-07",20,20.857142857142858
"Rest of Argentina","2020-04-08",29,22.285714285714285
"Rest of Argentina","2020-04-09",40,25.714285714285715
"Rest of Argentina","2020-04-10",23,26.714285714285715
"Rest of Argentina","2020-04-11",24,27.142857142857142
"Rest of Argentina","2020-04-12",23,26.714285714285715
"Rest of Argentina","2020-04-13",27,26.571428571428573
"Rest of Argentina","2020-04-14",27,27.571428571428573
"Rest of Argentina","2020-04-15",39,29
"Rest of Argentina","2020-04-16",33,28
"Rest of Argentina","2020-04-17",29,28.857142857142858
"Rest of Argentina","2020-04-18",28,29.428571428571427
"Rest of Argentina","2020-04-19",36,31.285714285714285
"Rest of Argentina","2020-04-20",31,31.857142857142858
"Rest of Argentina","2020-04-21",38,33.42857142857143
"Rest of Argentina","2020-04-22",35,32.857142857142854
"Rest of Argentina","2020-04-23",35,33.142857142857146
"Rest of Argentina","2020-04-24",34,33.857142857142854
"Rest of Argentina","2020-04-25",31,34.285714285714285
"Rest of Argentina","2020-04-26",25,32.714285714285715
"Rest of Argentina","2020-04-27",51,35.57142857142857
"Rest of Argentina","2020-04-28",37,35.42857142857143
"Rest of Argentina","2020-04-29",28,34.42857142857143
"Rest of Argentina","2020-04-30",31,33.857142857142854
"Rest of Argentina","2020-05-01",40,34.714285714285715
"Rest of Argentina","2020-05-02",24,33.714285714285715
"Rest of Argentina","2020-05-03",33,34.857142857142854
"Rest of Argentina","2020-05-04",27,31.428571428571427
"Rest of Argentina","2020-05-05",22,29.285714285714285
"Rest of Argentina","2020-05-06",29,29.428571428571427
"Rest of Argentina","2020-05-07",37,30.285714285714285
"Rest of Argentina","2020-05-08",26,28.285714285714285
"Rest of Argentina","2020-05-09",35,29.857142857142858
"Rest of Argentina","2020-05-10",40,30.857142857142858
"Rest of Argentina","2020-05-11",36,32.142857142857146
"Rest of Argentina","2020-05-12",31,33.42857142857143
"Rest of Argentina","2020-05-13",35,34.285714285714285
"Rest of Argentina","2020-05-14",26,32.714285714285715
"Rest of Argentina","2020-05-15",38,34.42857142857143
"Rest of Argentina","2020-05-16",39,35
"Rest of Argentina","2020-05-17",31,33.714285714285715
"Rest of Argentina","2020-05-18",34,33.42857142857143
"Rest of Argentina","2020-05-19",26,32.714285714285715
"Rest of Argentina","2020-05-20",49,34.714285714285715
"Rest of Argentina","2020-05-21",38,36.42857142857143
"Rest of Argentina","2020-05-22",46,37.57142857142857
"Rest of Argentina","2020-05-23",25,35.57142857142857
"Rest of Argentina","2020-05-24",38,36.57142857142857
"Rest of Argentina","2020-05-25",49,38.714285714285715
"Rest of Argentina","2020-05-26",39,40.57142857142857
"Rest of Argentina","2020-05-27",33,38.285714285714285
"Rest of Argentina","2020-05-28",47,39.57142857142857
"Rest of Argentina","2020-05-29",38,38.42857142857143
"Rest of Argentina","2020-05-30",48,41.714285714285715
"Rest of Argentina","2020-05-31",40,42
"Rest of Argentina","2020-06-01",51,42.285714285714285
"Rest of Argentina","2020-06-02",46,43.285714285714285
"Rest of Argentina","2020-06-03",55,46.42857142857143
"Rest of Argentina","2020-06-04",61,48.42857142857143
"Rest of Argentina","2020-06-05",55,50.857142857142854
"Rest of Argentina","2020-06-06",57,52.142857142857146
"Rest of Argentina","2020-06-07",52,53.857142857142854
"Rest of Argentina","2020-06-08",76,57.42857142857143
"Rest of Argentina","2020-06-09",47,57.57142857142857
"Rest of Argentina","2020-06-10",63,58.714285714285715
"Rest of Argentina","2020-06-11",60,58.57142857142857
"Rest of Argentina","2020-06-12",50,57.857142857142854
"Rest of Argentina","2020-06-13",55,57.57142857142857
"Rest of Argentina","2020-06-14",76,61
"Rest of Argentina","2020-06-15",67,59.714285714285715
"Rest of Argentina","2020-06-16",74,63.57142857142857
"Rest of Argentina","2020-06-17",76,65.42857142857143
"Rest of Argentina","2020-06-18",70,66.85714285714286
"Rest of Argentina","2020-06-19",70,69.71428571428571
"Rest of Argentina","2020-06-20",65,71.14285714285714
"Rest of Argentina","2020-06-21",80,71.71428571428571
"Rest of Argentina","2020-06-22",85,74.28571428571429
"Rest of Argentina","2020-06-23",86,76
"Rest of Argentina","2020-06-24",83,77
"Rest of Argentina","2020-06-25",75,77.71428571428571
"Rest of Argentina","2020-06-26",104,82.57142857142857
"Rest of Argentina","2020-06-27",105,88.28571428571429
"Rest of Argentina","2020-06-28",91,89.85714285714286
"Rest of Argentina","2020-06-29",80,89.14285714285714
"Rest of Argentina","2020-06-30",104,91.71428571428571
"Rest of Argentina","2020-07-01",131,98.57142857142857
"Rest of Argentina","2020-07-02",116,104.42857142857143
"Rest of Argentina","2020-07-03",110,105.28571428571429
"Rest of Argentina","2020-07-04",131,109
"Rest of Argentina","2020-07-05",159,118.71428571428571
"Rest of Argentina","2020-07-06",117,124
"Rest of Argentina","2020-07-07",129,127.57142857142857
"Rest of Argentina","2020-07-08",172,133.42857142857142
"Rest of Argentina","2020-07-09",146,137.71428571428572
"Rest of Argentina","2020-07-10",177,147.28571428571428
"Rest of Argentina","2020-07-11",168,152.57142857142858
"Rest of Argentina","2020-07-12",151,151.42857142857142
"Rest of Argentina","2020-07-13",170,159
"Rest of Argentina","2020-07-14",184,166.85714285714286
"Rest of Argentina","2020-07-15",196,170.28571428571428
"Rest of Argentina","2020-07-16",164,172.85714285714286
"Rest of Argentina","2020-07-17",182,173.57142857142858
"Rest of Argentina","2020-07-18",204,178.71428571428572
"Rest of Argentina","2020-07-19",193,184.71428571428572
"Rest of Argentina","2020-07-20",194,188.14285714285714
"Rest of Argentina","2020-07-21",216,192.71428571428572
"Rest of Argentina","2020-07-22",210,194.71428571428572
"Rest of Argentina","2020-07-23",180,197
"Rest of Argentina","2020-07-24",209,200.85714285714286
"Rest of Argentina","2020-07-25",177,197
"Rest of Argentina","2020-07-26",206,198.85714285714286
"Rest of Argentina","2020-07-27",236,204.85714285714286
"Rest of Argentina","2020-07-28",221,205.57142857142858
"Rest of Argentina","2020-07-29",237,209.42857142857142
"Rest of Argentina","2020-07-30",232,216.85714285714286
"Rest of Argentina","2020-07-31",219,218.28571428571428
"Rest of Argentina","2020-08-01",213,223.42857142857142
"Rest of Argentina","2020-08-02",263,231.57142857142858
"Rest of Argentina","2020-08-03",247,233.14285714285714
"Rest of Argentina","2020-08-04",230,234.42857142857142
"Rest of Argentina","2020-08-05",246,235.71428571428572
"Rest of Argentina","2020-08-06",259,239.57142857142858
"Rest of Argentina","2020-08-07",236,242
"Rest of Argentina","2020-08-08",232,244.71428571428572
"Rest of Argentina","2020-08-09",236,240.85714285714286
"Rest of Argentina","2020-08-10",266,243.57142857142858
"Rest of Argentina","2020-08-11",218,241.85714285714286
"Rest of Argentina","2020-08-12",259,243.71428571428572
"Rest of Argentina","2020-08-13",263,244.28571428571428
"Rest of Argentina","2020-08-14",265,248.42857142857142
"Rest of Argentina","2020-08-15",240,249.57142857142858
"Rest of Argentina","2020-08-16",253,252
"Rest of Argentina","2020-08-17",278,253.71428571428572
"Rest of Argentina","2020-08-18",298,265.14285714285717
"Rest of Argentina","2020-08-19",283,268.57142857142856
"Rest of Argentina","2020-08-20",252,267
"Rest of Argentina","2020-08-21",255,265.57142857142856
"Rest of Argentina","2020-08-22",282,271.57142857142856
"Rest of Argentina","2020-08-23",252,271.42857142857144
"Rest of Argentina","2020-08-24",340,280.2857142857143
"Rest of Argentina","2020-08-25",297,280.14285714285717
"Rest of Argentina","2020-08-26",273,278.7142857142857
"Rest of Argentina","2020-08-27",278,282.42857142857144
"Rest of Argentina","2020-08-28",294,288
"Rest of Argentina","2020-08-29",303,291
"Rest of Argentina","2020-08-30",299,297.7142857142857
"Rest of Argentina","2020-08-31",331,296.42857142857144
"Rest of Argentina","2020-09-01",346,303.42857142857144
"Rest of Argentina","2020-09-02",328,311.2857142857143
"Rest of Argentina","2020-09-03",361,323.14285714285717
"Rest of Argentina","2020-09-04",370,334
"Rest of Argentina","2020-09-05",346,340.14285714285717
"Rest of Argentina","2020-09-06",348,347.14285714285717
"Rest of Argentina","2020-09-07",381,354.2857142857143
"Rest of Argentina","2020-09-08",356,355.7142857142857
"Rest of Argentina","2020-09-09",395,365.2857142857143
"Rest of Argentina","2020-09-10",369,366.42857142857144
"Rest of Argentina","2020-09-11",375,367.14285714285717
"Rest of Argentina","2020-09-12",310,362
"Rest of Argentina","2020-09-13",361,363.85714285714283
"Rest of Argentina","2020-09-14",389,365
"Rest of Argentina","2020-09-15",382,368.7142857142857
"Rest of Argentina","2020-09-16",388,367.7142857142857
"Rest of Argentina","2020-09-17",400,372.14285714285717
"Rest of Argentina","2020-09-18",393,374.7142857142857
"Rest of Argentina","2020-09-19",375,384
"Rest of Argentina","2020-09-20",343,381.42857142857144
"Rest of Argentina","2020-09-21",387,381.14285714285717
"Rest of Argentina","2020-09-22",380,380.85714285714283
"Rest of Argentina","2020-09-23",403,383
"Rest of Argentina","2020-09-24",387,381.14285714285717
"Rest of Argentina","2020-09-25",428,386.14285714285717
"Rest of Argentina","2020-09-26",394,388.85714285714283
"Rest of Argentina","2020-09-27",381,394.2857142857143
"Rest of Argentina","2020-09-28",388,394.42857142857144
"Rest of Argentina","2020-09-29",367,392.57142857142856
"Rest of Argentina","2020-09-30",415,394.2857142857143
"Rest of Argentina","2020-10-01",396,395.57142857142856
"Rest of Argentina","2020-10-02",386,389.57142857142856
"Rest of Argentina","2020-10-03",336,381.2857142857143
"Rest of Argentina","2020-10-04",368,379.42857142857144
"Rest of Argentina","2020-10-05",387,379.2857142857143
"Rest of Argentina","2020-10-06",382,381.42857142857144
"Rest of Argentina","2020-10-07",384,377
"Rest of Argentina","2020-10-08",421,380.57142857142856
"Rest of Argentina","2020-10-09",425,386.14285714285717
"Rest of Argentina","2020-10-10",355,388.85714285714283
"Rest of Argentina","2020-10-11",335,384.14285714285717
"Rest of Argentina","2020-10-12",323,375
"Rest of Argentina","2020-10-13",381,374.85714285714283
"Rest of Argentina","2020-10-14",377,373.85714285714283
"Rest of Argentina","2020-10-15",354,364.2857142857143
"Rest of Argentina","2020-10-16",341,352.2857142857143
"Rest of Argentina","2020-10-17",323,347.7142857142857
"Rest of Argentina","2020-10-18",390,355.57142857142856
"Rest of Argentina","2020-10-19",387,364.7142857142857
"Rest of Argentina","2020-10-20",379,364.42857142857144
"Rest of Argentina","2020-10-21",363,362.42857142857144
"Rest of Argentina","2020-10-22",330,359
"Rest of Argentina","2020-10-23",355,361
"Rest of Argentina","2020-10-24",363,366.7142857142857
"Rest of Argentina","2020-10-25",342,359.85714285714283
"Rest of Argentina","2020-10-26",339,353
"Rest of Argentina","2020-10-27",351,349
"Rest of Argentina","2020-10-28",341,345.85714285714283
"Rest of Argentina","2020-10-29",331,346
"Rest of Argentina","2020-10-30",308,339.2857142857143
"Rest of Argentina","2020-10-31",304,330.85714285714283
"Rest of Argentina","2020-11-01",316,327.14285714285717
"Rest of Argentina","2020-11-02",344,327.85714285714283
"Rest of Argentina","2020-11-03",334,325.42857142857144
"Rest of Argentina","2020-11-04",297,319.14285714285717
"Rest of Argentina","2020-11-05",315,316.85714285714283
"Rest of Argentina","2020-11-06",305,316.42857142857144
"Rest of Argentina","2020-11-07",270,311.57142857142856
"Rest of Argentina","2020-11-08",289,307.7142857142857
"Rest of Argentina","2020-11-09",290,300
"Rest of Argentina","2020-11-10",291,293.85714285714283
"Rest of Argentina","2020-11-11",281,291.57142857142856
"Rest of Argentina","2020-11-12",234,280
"Rest of Argentina","2020-11-13",240,270.7142857142857
"Rest of Argentina","2020-11-14",242,266.7142857142857
"Rest of Argentina","2020-11-15",220,256.85714285714283
"Rest of Argentina","2020-11-16",261,252.71428571428572
"Rest of Argentina","2020-11-17",268,249.42857142857142
"Rest of Argentina","2020-11-18",259,246.28571428571428
"Rest of Argentina","2020-11-19",237,246.71428571428572
"Rest of Argentina","2020-11-20",235,246
"Rest of Argentina","2020-11-21",213,241.85714285714286
"Rest of Argentina","2020-11-22",187,237.14285714285714
"Rest of Argentina","2020-11-23",221,231.42857142857142
"Rest of Argentina","2020-11-24",231,226.14285714285714
"Rest of Argentina","2020-11-25",199,217.57142857142858
"Rest of Argentina","2020-11-26",218,214.85714285714286
"Rest of Argentina","2020-11-27",182,207.28571428571428
"Rest of Argentina","2020-11-28",187,203.57142857142858
"Rest of Argentina","2020-11-29",167,200.71428571428572
"Rest of Argentina","2020-11-30",191,196.42857142857142
"Rest of Argentina","2020-12-01",168,187.42857142857142
"Rest of Argentina","2020-12-02",194,186.71428571428572
"Rest of Argentina","2020-12-03",171,180
"Rest of Argentina","2020-12-04",165,177.57142857142858
"Rest of Argentina","2020-12-05",138,170.57142857142858
"Rest of Argentina","2020-12-06",168,170.71428571428572
"Rest of Argentina","2020-12-07",135,162.71428571428572
"Rest of Argentina","2020-12-08",181,164.57142857142858
"Rest of Argentina","2020-12-09",153,158.71428571428572
"Rest of Argentina","2020-12-10",175,159.28571428571428
"Rest of Argentina","2020-12-11",167,159.57142857142858
"Rest of Argentina","2020-12-12",161,162.85714285714286
"Rest of Argentina","2020-12-13",136,158.28571428571428
"Rest of Argentina","2020-12-14",162,162.14285714285714
"Rest of Argentina","2020-12-15",140,156.28571428571428
"Rest of Argentina","2020-12-16",133,153.42857142857142
"Rest of Argentina","2020-12-17",138,148.14285714285714
"Rest of Argentina","2020-12-18",161,147.28571428571428
"Rest of Argentina","2020-12-19",147,145.28571428571428
"Rest of Argentina","2020-12-20",141,146
"Rest of Argentina","2020-12-21",127,141
"Rest of Argentina","2020-12-22",160,143.85714285714286
"Rest of Argentina","2020-12-23",151,146.42857142857142
"Rest of Argentina","2020-12-24",151,148.28571428571428
"Rest of Argentina","2020-12-25",141,145.42857142857142
"Rest of Argentina","2020-12-26",160,147.28571428571428
"Rest of Argentina","2020-12-27",164,150.57142857142858
"Rest of Argentina","2020-12-28",161,155.42857142857142
"Rest of Argentina","2020-12-29",157,155
"Rest of Argentina","2020-12-30",156,155.71428571428572
"Rest of Argentina","2020-12-31",144,154.71428571428572
"Rest of Argentina","2021-01-01",161,157.57142857142858
"Rest of Argentina","2021-01-02",211,164.85714285714286
"Rest of Argentina","2021-01-03",182,167.42857142857142
"Rest of Argentina","2021-01-04",191,171.71428571428572
"Rest of Argentina","2021-01-05",193,176.85714285714286
"Rest of Argentina","2021-01-06",159,177.28571428571428
"Rest of Argentina","2021-01-07",181,182.57142857142858
"Rest of Argentina","2021-01-08",186,186.14285714285714
"Rest of Argentina","2021-01-09",180,181.71428571428572
"Rest of Argentina","2021-01-10",192,183.14285714285714
"Rest of Argentina","2021-01-11",190,183
"Rest of Argentina","2021-01-12",185,181.85714285714286
"Rest of Argentina","2021-01-13",179,184.71428571428572
"Rest of Argentina","2021-01-14",175,183.85714285714286
"Rest of Argentina","2021-01-15",208,187
"Rest of Argentina","2021-01-16",199,189.71428571428572
"Rest of Argentina","2021-01-17",197,190.42857142857142
"Rest of Argentina","2021-01-18",207,192.85714285714286
"Rest of Argentina","2021-01-19",191,193.71428571428572
"Rest of Argentina","2021-01-20",217,199.14285714285714
"Rest of Argentina","2021-01-21",248,209.57142857142858
"Rest of Argentina","2021-01-22",206,209.28571428571428
"Rest of Argentina","2021-01-23",207,210.42857142857142
"Rest of Argentina","2021-01-24",228,214.85714285714286
"Rest of Argentina","2021-01-25",210,215.28571428571428
"Rest of Argentina","2021-01-26",221,219.57142857142858
"Rest of Argentina","2021-01-27",216,219.42857142857142
"Rest of Argentina","2021-01-28",199,212.42857142857142
"Rest of Argentina","2021-01-29",174,207.85714285714286
"Rest of Argentina","2021-01-30",195,206.14285714285714
"Rest of Argentina","2021-01-31",172,198.14285714285714
"Rest of Argentina","2021-02-01",188,195
"Rest of Argentina","2021-02-02",178,188.85714285714286
"Rest of Argentina","2021-02-03",175,183
"Rest of Argentina","2021-02-04",193,182.14285714285714
"Rest of Argentina","2021-02-05",187,184
"Rest of Argentina","2021-02-06",173,180.85714285714286
"Rest of Argentina","2021-02-07",181,182.14285714285714
"Rest of Argentina","2021-02-08",145,176
"Rest of Argentina","2021-02-09",164,174
"Rest of Argentina","2021-02-10",178,174.42857142857142
"Rest of Argentina","2021-02-11",155,169
"Rest of Argentina","2021-02-12",141,162.42857142857142
"Rest of Argentina","2021-02-13",173,162.42857142857142
"Rest of Argentina","2021-02-14",159,159.28571428571428
"Rest of Argentina","2021-02-15",163,161.85714285714286
"Rest of Argentina","2021-02-16",129,156.85714285714286
"Rest of Argentina","2021-02-17",156,153.71428571428572
"Rest of Argentina","2021-02-18",172,156.14285714285714
"Rest of Argentina","2021-02-19",151,157.57142857142858
"Rest of Argentina","2021-02-20",139,152.71428571428572
"Rest of Argentina","2021-02-21",157,152.42857142857142
"Rest of Argentina","2021-02-22",159,151.85714285714286
"Rest of Argentina","2021-02-23",157,155.85714285714286
"Rest of Argentina","2021-02-24",134,152.71428571428572
"Rest of Argentina","2021-02-25",148,149.28571428571428
"Rest of Argentina","2021-02-26",127,145.85714285714286
"Rest of Argentina","2021-02-27",132,144.85714285714286
"Rest of Argentina","2021-02-28",137,142
"Rest of Argentina","2021-03-01",138,139
"Rest of Argentina","2021-03-02",168,140.57142857142858
"Rest of Argentina","2021-03-03",143,141.85714285714286
"Rest of Argentina","2021-03-04",129,139.14285714285714
"Rest of Argentina","2021-03-05",157,143.42857142857142
"Rest of Argentina","2021-03-06",119,141.57142857142858
"Rest of Argentina","2021-03-07",141,142.14285714285714
"Rest of Argentina","2021-03-08",143,142.85714285714286
"Rest of Argentina","2021-03-09",156,141.14285714285714
"Rest of Argentina","2021-03-10",154,142.71428571428572
"Rest of Argentina","2021-03-11",144,144.85714285714286
"Rest of Argentina","2021-03-12",169,146.57142857142858
"Rest of Argentina","2021-03-13",127,147.71428571428572
"Rest of Argentina","2021-03-14",131,146.28571428571428
"Rest of Argentina","2021-03-15",166,149.57142857142858
"Rest of Argentina","2021-03-16",118,144.14285714285714
"Rest of Argentina","2021-03-17",132,141
"Rest of Argentina","2021-03-18",143,140.85714285714286
"Rest of Argentina","2021-03-19",150,138.14285714285714
"Rest of Argentina","2021-03-20",155,142.14285714285714
"Rest of Argentina","2021-03-21",125,141.28571428571428
"Rest of Argentina","2021-03-22",176,142.71428571428572
"Rest of Argentina","2021-03-23",161,148.85714285714286
"Rest of Argentina","2021-03-24",183,156.14285714285714
"Rest of Argentina","2021-03-25",153,157.57142857142858
"Rest of Argentina","2021-03-26",162,159.28571428571428
"Rest of Argentina","2021-03-27",138,156.85714285714286
"Rest of Argentina","2021-03-28",158,161.57142857142858
"Rest of Argentina","2021-03-29",180,162.14285714285714
"Rest of Argentina","2021-03-30",172,163.71428571428572
"Rest of Argentina","2021-03-31",182,163.57142857142858
"Rest of Argentina","2021-04-01",152,163.42857142857142
"Rest of Argentina","2021-04-02",196,168.28571428571428
"Rest of Argentina","2021-04-03",200,177.14285714285714
"Rest of Argentina","2021-04-04",202,183.42857142857142
"Rest of Argentina","2021-04-05",222,189.42857142857142
"Rest of Argentina","2021-04-06",237,198.71428571428572
"Rest of Argentina","2021-04-07",267,210.85714285714286
"Rest of Argentina","2021-04-08",244,224
"Rest of Argentina","2021-04-09",232,229.14285714285714
"Rest of Argentina","2021-04-10",292,242.28571428571428
"Rest of Argentina","2021-04-11",223,245.28571428571428
"Rest of Argentina","2021-04-12",277,253.14285714285714
"Rest of Argentina","2021-04-13",316,264.42857142857144
"Rest of Argentina","2021-04-14",296,268.57142857142856
"Rest of Argentina","2021-04-15",328,280.57142857142856
"Rest of Argentina","2021-04-16",374,300.85714285714283
"Rest of Argentina","2021-04-17",373,312.42857142857144
"Rest of Argentina","2021-04-18",399,337.57142857142856
"Rest of Argentina","2021-04-19",434,360
"Rest of Argentina","2021-04-20",398,371.7142857142857
"Rest of Argentina","2021-04-21",464,395.7142857142857
"Rest of Argentina","2021-04-22",462,414.85714285714283
"Rest of Argentina","2021-04-23",481,430.14285714285717
"Rest of Argentina","2021-04-24",428,438
"Rest of Argentina","2021-04-25",458,446.42857142857144
"Rest of Argentina","2021-04-26",489,454.2857142857143
"Rest of Argentina","2021-04-27",496,468.2857142857143
"Rest of Argentina","2021-04-28",469,469
"Rest of Argentina","2021-04-29",476,471
"Rest of Argentina","2021-04-30",479,470.7142857142857
"Rest of Argentina","2021-05-01",522,484.14285714285717
"Rest of Argentina","2021-05-02",474,486.42857142857144
"Rest of Argentina","2021-05-03",521,491
"Rest of Argentina","2021-05-04",452,484.7142857142857
"Rest of Argentina","2021-05-05",464,484
"Rest of Argentina","2021-05-06",483,485
"Rest of Argentina","2021-05-07",491,486.7142857142857
"Rest of Argentina","2021-05-08",514,485.57142857142856
"Rest of Argentina","2021-05-09",481,486.57142857142856
"Rest of Argentina","2021-05-10",503,484
"Rest of Argentina","2021-05-11",488,489.14285714285717
"Rest of Argentina","2021-05-12",480,491.42857142857144
"Rest of Argentina","2021-05-13",498,493.57142857142856
"Rest of Argentina","2021-05-14",529,499
"Rest of Argentina","2021-05-15",481,494.2857142857143
"Rest of Argentina","2021-05-16",472,493
"Rest of Argentina","2021-05-17",568,502.2857142857143
"Rest of Argentina","2021-05-18",543,510.14285714285717
"Rest of Argentina","2021-05-19",515,515.1428571428571
"Rest of Argentina","2021-05-20",557,523.5714285714286
"Rest of Argentina","2021-05-21",537,524.7142857142857
"Rest of Argentina","2021-05-22",522,530.5714285714286
"Rest of Argentina","2021-05-23",551,541.8571428571429
"Rest of Argentina","2021-05-24",575,542.8571428571429
"Rest of Argentina","2021-05-25",584,548.7142857142857
"Rest of Argentina","2021-05-26",616,563.1428571428571
"Rest of Argentina","2021-05-27",620,572.1428571428571
"Rest of Argentina","2021-05-28",613,583
"Rest of Argentina","2021-05-29",580,591.2857142857143
"Rest of Argentina","2021-05-30",619,601
"Rest of Argentina","2021-05-31",629,608.7142857142857
"Rest of Argentina","2021-06-01",605,611.7142857142857
"Rest of Argentina","2021-06-02",644,615.7142857142857
"Rest of Argentina","2021-06-03",622,616
"Rest of Argentina","2021-06-04",602,614.4285714285714
"Rest of Argentina","2021-06-05",602,617.5714285714286
"Rest of Argentina","2021-06-06",606,615.7142857142857
"Rest of Argentina","2021-06-07",627,615.4285714285714
"Rest of Argentina","2021-06-08",650,621.8571428571429
"Rest of Argentina","2021-06-09",579,612.5714285714286
"Rest of Argentina","2021-06-10",546,601.7142857142857
"Rest of Argentina","2021-06-11",594,600.5714285714286
"Rest of Argentina","2021-06-12",557,594.1428571428571
"Rest of Argentina","2021-06-13",563,588
"Rest of Argentina","2021-06-14",591,582.8571428571429
"Rest of Argentina","2021-06-15",506,562.2857142857143
"Rest of Argentina","2021-06-16",529,555.1428571428571
"Rest of Argentina","2021-06-17",524,552
"Rest of Argentina","2021-06-18",528,542.5714285714286
"Rest of Argentina","2021-06-19",515,536.5714285714286
"Rest of Argentina","2021-06-20",463,522.2857142857143
"Rest of Argentina","2021-06-21",468,504.7142857142857
"Rest of Argentina","2021-06-22",482,501.2857142857143
"Rest of Argentina","2021-06-23",435,487.85714285714283
"Rest of Argentina","2021-06-24",453,477.7142857142857
"Rest of Argentina","2021-06-25",434,464.2857142857143
"Rest of Argentina","2021-06-26",411,449.42857142857144
"Rest of Argentina","2021-06-27",368,435.85714285714283
"Rest of Argentina","2021-06-28",411,427.7142857142857
"Rest of Argentina","2021-06-29",426,419.7142857142857
"Rest of Argentina","2021-06-30",437,420
"Rest of Argentina","2021-07-01",366,407.57142857142856
"Rest of Argentina","2021-07-02",408,403.85714285714283
"Rest of Argentina","2021-07-03",378,399.14285714285717
"Rest of Argentina","2021-07-04",359,397.85714285714283
"Rest of Argentina","2021-07-05",398,396
"Rest of Argentina","2021-07-06",378,389.14285714285717
"Rest of Argentina","2021-07-07",378,380.7142857142857
"Rest of Argentina","2021-07-08",394,384.7142857142857
"Rest of Argentina","2021-07-09",360,377.85714285714283
"Rest of Argentina","2021-07-10",314,368.7142857142857
"Rest of Argentina","2021-07-11",312,362
"Rest of Argentina","2021-07-12",329,352.14285714285717
"Rest of Argentina","2021-07-13",317,343.42857142857144
"Rest of Argentina","2021-07-14",329,336.42857142857144
"Rest of Argentina","2021-07-15",295,322.2857142857143
"Rest of Argentina","2021-07-16",303,314.14285714285717
"Rest of Argentina","2021-07-17",305,312.85714285714283
"Rest of Argentina","2021-07-18",296,310.57142857142856
"Rest of Argentina","2021-07-19",305,307.14285714285717
"Rest of Argentina","2021-07-20",303,305.14285714285717
"Rest of Argentina","2021-07-21",276,297.57142857142856
"Rest of Argentina","2021-07-22",270,294
"Rest of Argentina","2021-07-23",287,291.7142857142857
"Rest of Argentina","2021-07-24",274,287.2857142857143
"Rest of Argentina","2021-07-25",226,277.2857142857143
"Rest of Argentina","2021-07-26",246,268.85714285714283
"Rest of Argentina","2021-07-27",246,260.7142857142857
"Rest of Argentina","2021-07-28",227,253.71428571428572
"Rest of Argentina","2021-07-29",239,249.28571428571428
"Rest of Argentina","2021-07-30",245,243.28571428571428
"Rest of Argentina","2021-07-31",222,235.85714285714286
"Rest of Argentina","2021-08-01",213,234
"Rest of Argentina","2021-08-02",208,228.57142857142858
"Rest of Argentina","2021-08-03",215,224.14285714285714
"Rest of Argentina","2021-08-04",228,224.28571428571428
"Rest of Argentina","2021-08-05",224,222.14285714285714
"Rest of Argentina","2021-08-06",224,219.14285714285714
"Rest of Argentina","2021-08-07",183,213.57142857142858
"Rest of Argentina","2021-08-08",186,209.71428571428572
"Rest of Argentina","2021-08-09",199,208.42857142857142
"Rest of Argentina","2021-08-10",199,206.14285714285714
"Rest of Argentina","2021-08-11",192,201
"Rest of Argentina","2021-08-12",198,197.28571428571428
"Rest of Argentina","2021-08-13",175,190.28571428571428
"Rest of Argentina","2021-08-14",190,191.28571428571428
"Rest of Argentina","2021-08-15",174,189.57142857142858
"Rest of Argentina","2021-08-16",155,183.28571428571428
"Rest of Argentina","2021-08-17",183,181
"Rest of Argentina","2021-08-18",147,174.57142857142858
"Rest of Argentina","2021-08-19",158,168.85714285714286
"Rest of Argentina","2021-08-20",155,166
"Rest of Argentina","2021-08-21",127,157
"Rest of Argentina","2021-08-22",135,151.42857142857142
"Rest of Argentina","2021-08-23",135,148.57142857142858
"Rest of Argentina","2021-08-24",133,141.42857142857142
"Rest of Argentina","2021-08-25",116,137
"Rest of Argentina","2021-08-26",106,129.57142857142858
"Rest of Argentina","2021-08-27",117,124.14285714285714
"Rest of Argentina","2021-08-28",135,125.28571428571429
"Rest of Argentina","2021-08-29",119,123
"Rest of Argentina","2021-08-30",119,120.71428571428571
"Rest of Argentina","2021-08-31",105,116.71428571428571
"Rest of Argentina","2021-09-01",108,115.57142857142857
"Rest of Argentina","2021-09-02",104,115.28571428571429
"Rest of Argentina","2021-09-03",99,112.71428571428571
"Rest of Argentina","2021-09-04",87,105.85714285714286
"Rest of Argentina","2021-09-05",79,100.14285714285714
"Rest of Argentina","2021-09-06",96,96.85714285714286
"Rest of Argentina","2021-09-07",87,94.28571428571429
"Rest of Argentina","2021-09-08",65,88.14285714285714
"Rest of Argentina","2021-09-09",91,86.28571428571429
"Rest of Argentina","2021-09-10",86,84.42857142857143
"Rest of Argentina","2021-09-11",61,80.71428571428571
"Rest of Argentina","2021-09-12",90,82.28571428571429
"Rest of Argentina","2021-09-13",92,81.71428571428571
"Rest of Argentina","2021-09-14",66,78.71428571428571
"Rest of Argentina","2021-09-15",54,77.14285714285714
"Rest of Argentina","2021-09-16",71,74.28571428571429
"Rest of Argentina","2021-09-17",72,72.28571428571429
"Rest of Argentina","2021-09-18",67,73.14285714285714
"Rest of Argentina","2021-09-19",74,70.85714285714286
"Rest of Argentina","2021-09-20",62,66.57142857142857
"Rest of Argentina","2021-09-21",60,65.71428571428571
"Rest of Argentina","2021-09-22",56,66
"Rest of Argentina","2021-09-23",50,63
"Rest of Argentina","2021-09-24",44,59
"Rest of Argentina","2021-09-25",38,54.857142857142854
"Rest of Argentina","2021-09-26",48,51.142857142857146
"Rest of Argentina","2021-09-27",48,49.142857142857146
"Rest of Argentina","2021-09-28",43,46.714285714285715
"Rest of Argentina","2021-09-29",39,44.285714285714285
"Rest of Argentina","2021-09-30",38,42.57142857142857
"Rest of Argentina","2021-10-01",36,41.42857142857143
"Rest of Argentina","2021-10-02",44,42.285714285714285
"Rest of Argentina","2021-10-03",28,39.42857142857143
"Rest of Argentina","2021-10-04",35,37.57142857142857
"Rest of Argentina","2021-10-05",30,35.714285714285715
"Rest of Argentina","2021-10-06",29,34.285714285714285
"Rest of Argentina","2021-10-07",24,32.285714285714285
"Rest of Argentina","2021-10-08",21,30.142857142857142
"Rest of Argentina","2021-10-09",35,28.857142857142858
"Rest of Argentina","2021-10-10",34,29.714285714285715
"Rest of Argentina","2021-10-11",30,29
"Rest of Argentina","2021-10-12",34,29.571428571428573
"Rest of Argentina","2021-10-13",36,30.571428571428573
"Rest of Argentina","2021-10-14",33,31.857142857142858
"Rest of Argentina","2021-10-15",33,33.57142857142857
"Rest of Argentina","2021-10-16",36,33.714285714285715
"Rest of Argentina","2021-10-17",42,34.857142857142854
"Rest of Argentina","2021-10-18",33,35.285714285714285
"Rest of Argentina","2021-10-19",36,35.57142857142857
"Rest of Argentina","2021-10-20",30,34.714285714285715
"Rest of Argentina","2021-10-21",37,35.285714285714285
"Rest of Argentina","2021-10-22",24,34
"Rest of Argentina","2021-10-23",34,33.714285714285715
"Rest of Argentina","2021-10-24",24,31.142857142857142
"Rest of Argentina","2021-10-25",33,31.142857142857142
"Rest of Argentina","2021-10-26",26,29.714285714285715
"Rest of Argentina","2021-10-27",35,30.428571428571427
"Rest of Argentina","2021-10-28",34,30
"Rest of Argentina","2021-10-29",28,30.571428571428573
"Rest of Argentina","2021-10-30",29,29.857142857142858
"Rest of Argentina","2021-10-31",28,30.428571428571427
"Rest of Argentina","2021-11-01",26,29.428571428571427
"Rest of Argentina","2021-11-02",25,29.285714285714285
"Rest of Argentina","2021-11-03",32,28.857142857142858
"Rest of Argentina","2021-11-04",21,27
"Rest of Argentina","2021-11-05",20,25.857142857142858
"Rest of Argentina","2021-11-06",23,25
"Rest of Argentina","2021-11-07",23,24.285714285714285
"Rest of Argentina","2021-11-08",22,23.714285714285715
"Rest of Argentina","2021-11-09",31,24.571428571428573
"Rest of Argentina","2021-11-10",21,23
"Rest of Argentina","2021-11-11",29,24.142857142857142
"Rest of Argentina","2021-11-12",17,23.714285714285715
"Rest of Argentina","2021-11-13",32,25
"Rest of Argentina","2021-11-14",19,24.428571428571427
"Rest of Argentina","2021-11-15",23,24.571428571428573
"Rest of Argentina","2021-11-16",33,24.857142857142858
"Rest of Argentina","2021-11-17",19,24.571428571428573
"Rest of Argentina","2021-11-18",26,24.142857142857142
"Rest of Argentina","2021-11-19",25,25.285714285714285
"Rest of Argentina","2021-11-20",21,23.714285714285715
"Rest of Argentina","2021-11-21",26,24.714285714285715
"Rest of Argentina","2021-11-22",21,24.428571428571427
"Rest of Argentina","2021-11-23",31,24.142857142857142
"Rest of Argentina","2021-11-24",29,25.571428571428573
"Rest of Argentina","2021-11-25",28,25.857142857142858
"Rest of Argentina","2021-11-26",29,26.428571428571427
"Rest of Argentina","2021-11-27",20,26.285714285714285
"Rest of Argentina","2021-11-28",24,26
"Rest of Argentina","2021-11-29",28,27
"Rest of Argentina","2021-11-30",32,27.142857142857142
"Rest of Argentina","2021-12-01",24,26.428571428571427
"Rest of Argentina","2021-12-02",37,27.714285714285715
"Rest of Argentina","2021-12-03",33,28.285714285714285
"Rest of Argentina","2021-12-04",30,29.714285714285715
"Rest of Argentina","2021-12-05",18,28.857142857142858
"Rest of Argentina","2021-12-06",25,28.428571428571427
"Rest of Argentina","2021-12-07",33,28.571428571428573
"Rest of Argentina","2021-12-08",29,29.285714285714285
"Rest of Argentina","2021-12-09",23,27.285714285714285
"Rest of Argentina","2021-12-10",18,25.142857142857142
"Rest of Argentina","2021-12-11",31,25.285714285714285
"Rest of Argentina","2021-12-12",30,27
"Rest of Argentina","2021-12-13",21,26.428571428571427
"Rest of Argentina","2021-12-14",33,26.428571428571427
"Rest of Argentina","2021-12-15",42,28.285714285714285
"Rest of Argentina","2021-12-16",30,29.285714285714285
"Rest of Argentina","2021-12-17",39,32.285714285714285
"Rest of Argentina","2021-12-18",28,31.857142857142858
"Rest of Argentina","2021-12-19",36,32.714285714285715
"Rest of Argentina","2021-12-20",38,35.142857142857146
"Rest of Argentina","2021-12-21",30,34.714285714285715
"Rest of Argentina","2021-12-22",31,33.142857142857146
"Rest of Argentina","2021-12-23",32,33.42857142857143
"Rest of Argentina","2021-12-24",39,33.42857142857143
"Rest of Argentina","2021-12-25",28,33.42857142857143
"Rest of Argentina","2021-12-26",35,33.285714285714285
"Rest of Argentina","2021-12-27",41,33.714285714285715
"Rest of Argentina","2021-12-28",34,34.285714285714285
"Rest of Argentina","2021-12-29",32,34.42857142857143
"Rest of Argentina","2021-12-30",46,36.42857142857143
"Rest of Argentina","2021-12-31",34,35.714285714285715
